name,datetime,tempmax,tempmin,temp,feelslikemax,feelslikemin,feelslike,dew,humidity,precip,precipprob,precipcover,preciptype,snow,snowdepth,windgust,windspeed,winddir,sealevelpressure,cloudcover,visibility,solarradiation,solarenergy,uvindex,severerisk,sunrise,sunset,moonphase,conditions,description,icon,stations
new york city,1/1/2015,38.7,27.3,32.8,35.8,17.1,25.6,9.6,37.7,0,0,0,,0,0,28.4,13.3,251.4,1018.5,7.3,9.9,114.3,9.9,5,,2015-01-01T07:20:09,2015-01-01T16:39:07,0.38,Clear,Clear conditions throughout the day.,clear-day,"72505394728,KLGA,KNYC,72503014732"
new york city,1/2/2015,42.2,36,38.6,36.5,28.1,32.2,16.8,41,0,0,0,,0,0,28.4,16.1,270.3,1022.8,31.5,9.9,110.6,9.5,5,,2015-01-02T07:20:15,2015-01-02T16:39:58,0.41,Partially cloudy,Partly cloudy throughout the day.,partly-cloudy-day,"72505394728,KLGA,KNYC,72503014732"
new york city,1/3/2015,40.7,33.5,35.8,35,25.9,30.2,26.1,69.4,0.657,100,45.83,"rain,snow",0,0,23,9.8,69.8,1031.1,65.1,6.3,61.9,5.2,3,,2015-01-03T07:20:19,2015-01-03T16:40:50,0.45,"Snow, Rain, Partially cloudy",Partly cloudy throughout the day with rain or snow.,rain,"72505394728,KLGA,KNYC,72503014732"
new york city,1/4/2015,55.4,41,48.2,55.4,36.6,46.6,44.6,87.4,0.352,100,45.83,rain,0,0,30.5,16.6,245.7,1010.4,91.5,6.8,43.2,3.8,3,,2015-01-04T07:20:20,2015-01-04T16:41:44,0.5,"Rain, Overcast",Cloudy skies throughout the day with rain.,rain,"72505394728,KLGA,KNYC,72503014732"
new york city,1/5/2015,50.3,21.8,36.3,50.3,11.4,27.8,12.2,37.1,0,0,0,,0,0,44.8,24.2,290.5,1019.2,33.1,9.9,115.3,9.9,5,,2015-01-05T07:20:19,2015-01-05T16:42:40,0.52,Partially cloudy,Partly cloudy throughout the day.,partly-cloudy-day,"72505394728,KLGA,KNYC,72503014732"
new york city,1/6/2015,21.8,18.8,20.5,21.6,7.4,14,7.3,57.9,0.05,100,16.67,snow,0.2,0.1,24.2,15,290.6,1024.2,62,7.1,24.1,2.1,1,,2015-01-06T07:20:16,2015-01-06T16:43:36,0.55,"Snow, Partially cloudy",Partly cloudy throughout the day with snow in the morning and afternoon.,snow,"72505394728,KLGA,KNYC,72503014732"
new york city,1/7/2015,23.3,10.1,19.2,12.4,-7.2,6,2.5,48.8,0,0,0,,0.1,0.2,35.5,21.7,292,1016.8,34.5,9.8,78.3,6.7,3,,2015-01-07T07:20:11,2015-01-07T16:44:35,0.58,Partially cloudy,Becoming cloudy in the afternoon.,snow,"72505394728,KLGA,KNYC,72503014732"
new york city,1/8/2015,20,8.1,14.2,11.5,-8.3,1.3,-4.1,43.5,0,0,0,,0,0,30.2,14.8,271.9,1027.5,10.4,9.9,117.3,10,5,,2015-01-08T07:20:03,2015-01-08T16:45:34,0.61,Clear,Clear conditions throughout the day.,clear-day,"72505394728,KLGA,KNYC,72503014732"
new york city,1/9/2015,32.9,18.8,26.4,25.7,8.2,16.2,8.9,48.2,0.075,100,8.33,snow,0.2,0.1,30,19.7,249.2,1018.3,55,8.7,66.2,5.9,3,,2015-01-09T07:19:53,2015-01-09T16:46:35,0.65,"Snow, Partially cloudy",Partly cloudy throughout the day with morning snow.,snow,"72505394728,KLGA,KNYC,72503014732"
new york city,1/10/2015,23.3,16.3,19.9,16.3,2.9,8.9,-0.9,39.7,0,0,0,,0.1,0.2,28.9,13.9,277,1030.3,2.4,9.9,124.7,10.7,5,,2015-01-10T07:19:41,2015-01-10T16:47:37,0.68,Clear,Clear conditions throughout the day.,snow,"72505394728,KLGA,KNYC,72503014732"
new york city,1/11/2015,36.8,18.3,28.5,31.9,7.5,21.6,5.2,36.6,0,0,0,,0.1,0.2,20.8,10.8,230.7,1035.9,43,9.9,120.5,10.4,5,,2015-01-11T07:19:27,2015-01-11T16:48:40,0.71,Partially cloudy,Partly cloudy throughout the day.,snow,"72505394728,KLGA,KNYC,72503014732"
new york city,1/12/2015,38.3,35.1,36.9,38,30.4,33.8,27.6,71.4,0.373,100,41.67,"rain,snow",0,0,26.4,8.7,281.5,1025,100,6.8,13.5,1.2,1,,2015-01-12T07:19:10,2015-01-12T16:49:44,0.74,"Snow, Rain, Overcast",Cloudy skies throughout the day with rain or snow.,rain,"72505394728,KLGA,KNYC,72503014732"
new york city,1/13/2015,36,17.1,26.3,29.7,7.3,16.7,12.7,56.7,0,0,0,,0,0,25.3,18.3,11.5,1032.7,39.8,9.9,122.6,10.5,5,,2015-01-13T07:18:51,2015-01-13T16:50:49,0.75,Partially cloudy,Clearing in the afternoon.,partly-cloudy-day,"72505394728,KLGA,KNYC,72503014732"
new york city,1/14/2015,31.4,17.1,24.7,29.9,5.8,16.9,12.9,60.4,0,0,0,,0,0,19.7,13.6,39.6,1028.8,68.6,9.9,63.7,5.6,3,,2015-01-14T07:18:30,2015-01-14T16:51:55,0.81,Partially cloudy,Partly cloudy throughout the day.,partly-cloudy-day,"72505394728,KLGA,KNYC,72503014732"
new york city,1/15/2015,34.1,25.3,29.9,28.8,17.5,24,16.1,56.9,0,0,0,,0,0,23,16.1,293.7,1018.3,44.9,9.8,92.5,7.9,5,,2015-01-15T07:18:07,2015-01-15T16:53:02,0.84,Partially cloudy,Clearing in the afternoon.,partly-cloudy-day,"72505394728,KLGA,KNYC,72503014732"
new york city,1/16/2015,42.5,20.3,32,35,8.2,23,12.8,45,0,0,0,,0,0,32.2,20.9,284.4,1013.3,32.3,9.6,113,9.8,5,,2015-01-16T07:17:41,2015-01-16T16:54:09,0.87,Partially cloudy,Partly cloudy throughout the day.,partly-cloudy-day,"72505394728,KLGA,KNYC,72503014732"
new york city,1/17/2015,30.6,17.1,23.5,24.2,5.1,15.1,4.8,44.8,0,0,0,,0,0,23,13,277.3,1026.8,8.5,9.9,129.4,11.2,5,,2015-01-17T07:17:14,2015-01-17T16:55:18,0.91,Clear,Clear conditions throughout the day.,clear-day,"72505394728,KLGA,KNYC,72503014732"
new york city,1/18/2015,41.5,30.6,36.5,41.5,23.1,33.2,31.7,83.1,2.074,100,58.33,"rain,snow",0,0,19.6,9.1,5.3,1014,83.3,5.4,45.4,3.9,3,,2015-01-18T07:16:44,2015-01-18T16:56:27,0.94,"Snow, Rain, Partially cloudy",Partly cloudy throughout the day with rain or snow.,rain,"72505394728,KLGA,KNYC,72503014732"
new york city,1/19/2015,41,37.1,38.9,35.5,27.2,32.4,25.6,59.8,0.025,100,4.17,rain,0,0,32,18.3,279.7,1009.2,81.1,9.9,111.8,9.8,5,,2015-01-19T07:16:12,2015-01-19T16:57:37,0.97,"Rain, Partially cloudy",Partly cloudy throughout the day with early morning rain.,rain,"72505394728,KLGA,KNYC,72503014732"
new york city,1/20/2015,39.6,33.2,36.8,35.3,26.2,31.2,19.4,49.2,0,0,0,,0,0,21.9,9.8,298.6,1013.2,66.2,9.9,78.4,6.6,3,,2015-01-20T07:15:38,2015-01-20T16:58:47,0,Partially cloudy,Partly cloudy throughout the day.,partly-cloudy-day,"72505394728,KLGA,KNYC,72503014732"
new york city,1/21/2015,34.8,25.1,31,34.8,17,26,9,39.8,0,0,0,,0,0,,7.2,29.7,1020.2,55.4,9.9,55.6,4.8,3,,2015-01-21T07:15:02,2015-01-21T16:59:58,0.04,Partially cloudy,Partly cloudy throughout the day.,partly-cloudy-day,"72505394728,KLGA,KNYC,72503014732"
new york city,1/22/2015,38.9,30.8,34.2,38,23.2,29.5,19.8,55.6,0,0,0,,0,0,21.9,11.8,319.1,1023.4,61.9,8.6,111.6,9.8,5,,2015-01-22T07:14:24,2015-01-22T17:01:10,0.07,Partially cloudy,Partly cloudy throughout the day.,partly-cloudy-day,"72505394728,KLGA,KNYC,72503014732"
new york city,1/23/2015,38.7,28.1,33.3,33.9,19.6,27.2,17.3,51.8,0,0,0,,0.5,0.1,26.4,11.4,265.5,1023.3,17.6,9.6,123,10.8,5,,2015-01-23T07:13:44,2015-01-23T17:02:22,0.11,Clear,Clear conditions throughout the day.,snow,"72505394728,KLGA,KNYC,72503014732"
new york city,1/24/2015,38.3,32.9,35.3,34.1,25.3,29.6,29.5,80.2,0.73,100,50,"rain,snow",0.5,0.7,30.4,13.9,340.5,1000.3,85,4.6,20.7,1.8,1,,2015-01-24T07:13:02,2015-01-24T17:03:35,0.14,"Snow, Rain, Partially cloudy",Partly cloudy throughout the day with rain or snow.,snow,"72505394728,KLGA,KNYC,72503014732"
new york city,1/25/2015,41.9,31.7,37.1,36.5,22.2,31.1,18.2,47.9,0,0,0,,0.4,0.7,28.9,13,293.8,1007,52.4,9.8,124.2,10.6,5,,2015-01-25T07:12:18,2015-01-25T17:04:48,0.18,Partially cloudy,Clearing in the afternoon.,snow,"72505394728,KLGA,KNYC,72503014732"
new york city,1/26/2015,30.6,22.7,25.4,23.8,8.1,13.8,15.2,66.7,0.392,100,45.83,snow,1.7,1.2,33,19.7,49.1,1013,98.5,4.2,24,2,1,,2015-01-26T07:11:32,2015-01-26T17:06:01,0.25,"Snow, Overcast",Cloudy skies throughout the day with snow.,snow,"72505394728,KLGA,KNYC,72503014732"
new york city,1/27/2015,28.9,20.9,24.2,20.4,6.4,13.4,15.2,68.7,0.342,100,33.33,snow,1.1,3.1,35.2,21.9,350.4,1005.4,74.7,6.1,63.6,5.5,3,,2015-01-27T07:10:44,2015-01-27T17:07:14,0.25,"Snow, Partially cloudy",Partly cloudy throughout the day with snow clearing later.,snow,"72505394728,KLGA,KNYC,72503014732"
new york city,1/28/2015,33.2,17.3,24.5,27.1,3.6,15,3.6,40.9,0,0,0,,0.1,3.2,24.2,13.3,318.2,1017.4,9.9,9.9,138.7,12,6,,2015-01-28T07:09:54,2015-01-28T17:08:28,0.28,Clear,Clear conditions throughout the day.,snow,"72505394728,KLGA,KNYC,72503014732"
new york city,1/29/2015,35.1,20.2,27.7,31.4,14,22.6,11.1,50.3,0,0,0,,0.3,2.1,18.3,10.5,182.8,1023.3,44.3,9.9,114.2,9.9,5,,2015-01-29T07:09:03,2015-01-29T17:09:42,0.32,Partially cloudy,Becoming cloudy in the afternoon.,snow,"72505394728,KLGA,KNYC,72503014732"
new york city,1/30/2015,37.5,20.3,32,36.3,5.2,23.6,20.4,63.3,0.097,100,29.17,"rain,snow",0.2,1.8,37.6,20.5,302.4,1012.3,74.5,7.7,68.2,5.8,3,,2015-01-30T07:08:09,2015-01-30T17:10:56,0.35,"Snow, Rain, Partially cloudy",Partly cloudy throughout the day with rain or snow clearing later.,snow,"72505394728,KLGA,KNYC,72503014732"
new york city,1/31/2015,26.1,13.1,19.6,15.1,-4,5.9,0.6,43.3,0,0,0,,0,1.6,37.9,21.5,308.7,1019.7,3.9,9.9,151.8,13,6,,2015-01-31T07:07:14,2015-01-31T17:12:10,0.39,Clear,Clear conditions throughout the day.,clear-day,"72505394728,KLGA,KNYC,72503014732"
new york city,2/1/2015,35.7,20.3,29.8,35.1,9.7,24.8,15.2,54.7,0.016,100,4.17,"rain,snow",0.3,1.5,20.8,10.3,256,1021.2,74.1,9,99.1,8.6,4,,2015-02-01T07:06:17,2015-02-01T17:13:24,0.42,"Snow, Rain, Partially cloudy",Partly cloudy throughout the day with late afternoon rain or snow.,snow,"72505394728,KLGA,KNYC,72503014732"
new york city,2/2/2015,33.2,14.5,26.9,27.3,-0.6,16.9,22.3,83,1.051,100,75,"rain,snow",0.3,1.9,31.4,17.7,22.6,1003.5,91.3,3.9,20.1,1.7,1,,2015-02-02T07:05:18,2015-02-02T17:14:39,0.46,"Snow, Rain, Overcast",Cloudy skies throughout the day with a chance of rain or snow throughout the day.,snow,"72505394728,KLGA,KNYC,72503014732"
new york city,2/3/2015,25.2,13.5,19.7,20.9,-4.3,9.4,7.8,59.4,0,0,0,,0.1,2.1,33.1,23,282.4,1022.7,11.5,9.2,142.3,12.3,6,,2015-02-03T07:04:18,2015-02-03T17:15:53,0.5,Clear,Clear conditions throughout the day.,snow,"72505394728,KLGA,KNYC,72503014732"
new york city,2/4/2015,41.9,24.8,33.9,41.5,17.6,29.9,20.5,57.6,0,0,0,,6.2,5.8,,9.3,222.7,1021.1,71.7,9.2,137.7,11.7,6,,2015-02-04T07:03:16,2015-02-04T17:17:07,0.52,Partially cloudy,Partly cloudy throughout the day.,snow,"72505394728,KLGA,KNYC,72503014732"
new york city,2/5/2015,40.8,15.2,29.3,39.6,0.7,19.7,11.8,48.4,0,0,0,,0,7.2,34.6,25.3,321.5,1015.9,54.5,9.8,89.6,7.8,3,,2015-02-05T07:02:13,2015-02-05T17:18:22,0.56,Partially cloudy,Partly cloudy throughout the day.,partly-cloudy-day,"72505394728,KLGA,KNYC,72503014732"
new york city,2/6/2015,27,12.2,19.5,25.3,-0.8,9,0.6,43.6,0,0,0,,0,3.9,26.7,13.9,281.3,1022.3,22.3,9.9,142,12.3,6,,2015-02-06T07:01:08,2015-02-06T17:19:36,0.59,Partially cloudy,Partly cloudy throughout the day.,partly-cloudy-day,"72505394728,KLGA,KNYC,72503014732"
new york city,2/7/2015,37.2,25.3,31.2,37.2,16.8,27,16.2,53.9,0.018,100,8.33,"rain,snow",0,1.9,19.7,10,257.2,1018.8,85.2,8.8,99.8,8.8,5,,2015-02-07T07:00:01,2015-02-07T17:20:50,0.62,"Snow, Rain, Partially cloudy",Partly cloudy throughout the day with afternoon rain or snow.,rain,"72505394728,KLGA,KNYC,72503014732"
new york city,2/8/2015,35.3,31.5,34.3,33.8,21.2,27.2,28.6,79.6,0,0,0,,0,1.7,24.2,15.3,61.1,1013.2,93.8,5.5,66.9,5.8,3,,2015-02-08T06:58:53,2015-02-08T17:22:04,0.66,Overcast,Cloudy skies throughout the day.,cloudy,"72505394728,KLGA,KNYC,72503014732"
new york city,2/9/2015,29.8,25.6,26.8,19.6,14.1,16,19.9,74.7,0.088,100,20.83,snow,0.4,1.9,26.8,17.4,56.6,1015.4,100,9,36.9,3.2,2,,2015-02-09T06:57:43,2015-02-09T17:23:18,0.69,"Snow, Overcast",Cloudy skies throughout the day with snow in the morning and afternoon.,snow,"72505394728,KLGA,KNYC,72503014732"
new york city,2/10/2015,38.7,26.1,30.9,32.9,15.4,22,19.9,63.7,0.009,100,4.17,snow,0,2,24.9,15.6,21.8,1017,75.1,9.5,69,6,3,,2015-02-10T06:56:32,2015-02-10T17:24:32,0.72,"Snow, Partially cloudy",Partly cloudy throughout the day with morning snow.,rain,"72505394728,KLGA,KNYC,72503014732"
new york city,2/11/2015,32.9,21.8,27.9,31.5,10.2,20.7,12,51.5,0,0,0,,0,2,24.2,13.7,33.5,1016.7,9.9,9.9,171.9,14.8,6,,2015-02-11T06:55:20,2015-02-11T17:25:45,0.75,Clear,Clear conditions throughout the day.,clear-day,"72505394728,KLGA,KNYC,72503014732"
new york city,2/12/2015,38.9,20.9,31.7,36,6.9,24.8,18.3,58.1,0,0,0,,0,2,31.9,16.1,277.3,1009.2,88.3,8.9,79.2,6.8,3,,2015-02-12T06:54:06,2015-02-12T17:26:59,0.79,Partially cloudy,Partly cloudy throughout the day.,partly-cloudy-day,"72505394728,KLGA,KNYC,72503014732"
new york city,2/13/2015,20.3,8.3,15.2,12.1,-9.1,1.9,-5.8,38.9,0,0,0,,0,1.9,35.7,20.5,309,1019,3.3,9.9,168.8,14.7,7,,2015-02-13T06:52:51,2015-02-13T17:28:12,0.82,Clear,Clear conditions throughout the day.,clear-day,"72505394728,KLGA,KNYC,72503014732"
new york city,2/14/2015,32,17.1,25.2,28.8,11.5,19.6,9.8,53.1,0.015,100,12.5,"rain,snow",0.3,1.8,23,10.3,210.8,1008.6,83.6,8.2,80.2,7,4,,2015-02-14T06:51:34,2015-02-14T17:29:25,0.86,"Snow, Rain, Partially cloudy",Partly cloudy throughout the day with rain or snow.,snow,"72505394728,KLGA,KNYC,72503014732"
new york city,2/15/2015,25.3,4.5,15.3,13.8,-16.8,-0.9,-0.4,50.2,0.01,100,8.33,snow,0.2,2.2,39.6,21.5,309.4,1008.2,51.6,9.1,123.7,10.8,6,,2015-02-15T06:50:17,2015-02-15T17:30:37,0.89,"Snow, Partially cloudy",Clearing in the afternoon with early morning snow.,snow,"72505394728,KLGA,KNYC,72503014732"
new york city,2/16/2015,20.3,3.8,12.3,20,-15.4,0.2,-10.1,36.5,0,0,0,,0.5,2.4,37.1,17.4,307.1,1020.5,25.9,9.9,145.8,12.6,7,,2015-02-16T06:48:58,2015-02-16T17:31:50,0.92,Partially cloudy,Partly cloudy throughout the day.,snow,"72505394728,KLGA,KNYC,72503014732"
new york city,2/17/2015,27.3,14.9,21,27,2.7,14.8,8.2,58.8,0.144,100,33.33,snow,5.9,6.2,18.3,9.7,34,1013.3,67.7,6.6,72.2,6.2,3,,2015-02-17T06:47:38,2015-02-17T17:33:02,0.96,"Snow, Partially cloudy",Partly cloudy throughout the day with snow clearing later.,snow,"72505394728,KLGA,KNYC,72503014732"
new york city,2/18/2015,30.3,19.6,25.4,29.3,12.7,20.4,12,56.7,0,0,0,,0,7.7,,8.9,97.6,1010.3,40.2,9.3,154.7,13.4,6,,2015-02-18T06:46:17,2015-02-18T17:34:14,0,Partially cloudy,Becoming cloudy in the afternoon.,partly-cloudy-day,"72505394728,KLGA,KNYC,72503014732"
new york city,2/19/2015,27,10.4,18.4,16.4,-6.3,4.4,-1.2,42.3,0,0,0,,0,7.3,31.8,20.8,295.5,1009.4,48.9,9.9,103.2,8.9,5,,2015-02-19T06:44:54,2015-02-19T17:35:25,0.02,Partially cloudy,Partly cloudy throughout the day.,partly-cloudy-day,"72505394728,KLGA,KNYC,72503014732"
new york city,2/20/2015,19.4,2.3,10.8,9.7,-15.8,-3.8,-9.9,38.1,0,0,0,,0,4.1,31.7,16.7,287.1,1023.8,2.1,9.9,186.4,16.3,7,,2015-02-20T06:43:31,2015-02-20T17:36:36,0.06,Clear,Clear conditions throughout the day.,clear-day,"72505394728,KLGA,KNYC,72503014732"
new york city,2/21/2015,32,14.3,23.1,26.4,2.4,16.1,9.2,57.8,0.534,100,41.67,"rain,snow",0.6,2.4,24.2,10.4,216.9,1028.9,58.3,6.3,68.9,5.8,3,,2015-02-21T06:42:07,2015-02-21T17:37:47,0.09,"Snow, Rain, Partially cloudy",Partly cloudy throughout the day with rain or snow.,snow,"72505394728,KLGA,KNYC,72503014732"
new york city,2/22/2015,42.5,32,36.2,42.5,27.1,33.9,28.6,74.9,0.183,100,33.33,"rain,snow",0.4,3,,9.9,262.4,1021.1,58.3,6.1,100.6,8.7,5,,2015-02-22T06:40:41,2015-02-22T17:38:58,0.13,"Snow, Rain, Partially cloudy",Clearing in the afternoon with rain or snow clearing later.,snow,"72505394728,KLGA,KNYC,72503014732"
new york city,2/23/2015,38,8.3,23.5,33.8,-7.5,11.5,2.9,41.3,0,0,0,,0,3,31.1,18.3,315.3,1025.3,38.8,9.9,136,11.7,6,,2015-02-23T06:39:15,2015-02-23T17:40:08,0.16,Partially cloudy,Clearing in the afternoon.,partly-cloudy-day,"72505394728,KLGA,KNYC,72503014732"
new york city,2/24/2015,24.2,4.5,14.5,19,-7.6,5.4,-2.6,46.2,0,0,0,,0,2.9,21.9,11.8,234.1,1022.5,19.7,9.9,200.4,17.3,7,,2015-02-24T06:37:48,2015-02-24T17:41:18,0.19,Clear,Clear conditions throughout the day.,clear-day,"72505394728,KLGA,KNYC,72503014732"
new york city,2/25/2015,37.1,20.5,29.4,34.3,12.7,22.8,10.4,45.8,0,0,0,,3.6,5,24.8,13,278.3,1010.8,16,9.9,196.2,17,7,,2015-02-25T06:36:20,2015-02-25T17:42:28,0.25,Clear,Clear conditions throughout the day.,snow,"72505394728,KLGA,KNYC,72503014732"
new york city,2/26/2015,32,21.8,24.9,27.4,9.8,16.3,8.5,50,0,0,0,,0,5.5,18.3,12.4,25.3,1016.4,69.7,9.6,140,12,6,,2015-02-26T06:34:51,2015-02-26T17:43:38,0.26,Partially cloudy,Partly cloudy throughout the day.,partly-cloudy-day,"72505394728,KLGA,KNYC,72503014732"
new york city,2/27/2015,29.9,18.3,23.5,22.5,5.9,15.7,4,43.3,0,0,0,,0,4.7,24.2,16.1,327.1,1028.3,28.4,9.9,187.5,16.2,7,,2015-02-27T06:33:21,2015-02-27T17:44:47,0.3,Partially cloudy,Clearing in the afternoon.,partly-cloudy-day,"72505394728,KLGA,KNYC,72503014732"
new york city,2/28/2015,28.8,14.3,22.2,28.4,4,16.4,-1.1,35.9,0,0,0,,0.4,4.9,23,18.3,314.2,1040.9,8.3,9.9,204.7,17.8,7,,2015-02-28T06:31:50,2015-02-28T17:45:56,0.33,Clear,Clear conditions throughout the day.,snow,"72505394728,KLGA,KNYC,72503014732"
new york city,3/1/2015,29.9,24.8,27.2,28.1,19.5,25.2,11.3,55,0.509,100,33.33,snow,1.8,5.4,19.7,8.3,225.9,1033.4,77.6,6.3,52.3,4.5,2,,2015-03-01T06:30:19,2015-03-01T17:47:04,0.36,"Snow, Partially cloudy",Partly cloudy throughout the day with snow.,snow,"72505394728,KLGA,KNYC,72503014732"
new york city,3/2/2015,38,28.4,33.1,31.9,18.1,26.1,17.4,55.4,0,0,0,,1.2,7.6,31.3,17.4,306.5,1020.9,49.6,8.7,163.4,14,7,,2015-03-02T06:28:47,2015-03-02T17:48:12,0.4,Partially cloudy,Clearing in the afternoon.,snow,"72505394728,KLGA,KNYC,72503014732"
new york city,3/3/2015,36,23.3,28.9,29.6,17.3,22.9,16,59.8,0.671,100,33.33,"rain,snow",0.1,7.8,23.3,11.5,189.6,1025.2,54.3,7.5,84.8,7.4,3,,2015-03-03T06:27:14,2015-03-03T17:49:20,0.43,"Snow, Rain, Partially cloudy",Becoming cloudy in the afternoon with rain or snow.,snow,"72505394728,KLGA,KNYC,72503014732"
new york city,3/4/2015,45.5,36,40.4,44.3,29.1,35.8,35,81.1,0.193,100,33.33,rain,0,4.8,21.3,9.2,237.2,1010.4,99.1,5.7,60.1,5.1,2,,2015-03-04T06:25:41,2015-03-04T17:50:28,0.46,"Rain, Overcast",Cloudy skies throughout the day with rain.,rain,"72505394728,KLGA,KNYC,72503014732"
new york city,3/5/2015,40.1,20.5,27.2,34.7,9.1,19.8,22.1,81.8,0.791,100,79.17,"rain,snow",1.1,3.3,22.4,12.7,323.6,1019.6,95.6,2.8,93.3,8.1,5,,2015-03-05T06:24:07,2015-03-05T17:51:35,0.5,"Snow, Rain, Overcast",Cloudy skies throughout the day with a chance of rain or snow throughout the day.,snow,"72505394728,KLGA,KNYC,72503014732"
new york city,3/6/2015,26.3,13.5,20.1,26.1,0.5,12.1,3.4,48.4,0,0,0,,0.6,4.5,29.8,16.1,320.3,1031.2,8.7,9.4,230.6,19.8,8,,2015-03-06T06:22:32,2015-03-06T17:52:42,0.53,Clear,Clear conditions throughout the day.,snow,"72505394728,KLGA,KNYC,72503014732"
new york city,3/7/2015,38,18.8,28.9,38,9.1,22.2,10.8,46.6,0,0,0,,0,4.3,24.8,12.8,252.9,1022.3,37.8,9.7,216.9,18.7,8,,2015-03-07T06:20:57,2015-03-07T17:53:49,0.57,Partially cloudy,Becoming cloudy in the afternoon.,partly-cloudy-day,"72505394728,KLGA,KNYC,72503014732"
new york city,3/8/2015,48.3,37.8,42.2,45,32.3,38.9,22.2,45.3,0,0,0,,0,3.7,28.9,18.3,285.2,1018,64.2,9.7,205.7,17,7,,2015-03-08T07:19:22,2015-03-08T18:54:55,0.6,Partially cloudy,Partly cloudy throughout the day.,partly-cloudy-day,"72505394728,KLGA,KNYC,72503014732"
new york city,3/9/2015,53.7,40.2,46.8,53.7,37,45.1,23.9,41.4,0.015,100,8.33,rain,0,3,25.3,9.9,278.2,1021.1,28.5,9.8,200.2,17.5,7,,2015-03-09T07:17:46,2015-03-09T18:56:02,0.63,"Rain, Partially cloudy",Clearing in the afternoon with morning rain.,rain,"72505394728,KLGA,KNYC,72503014732"
new york city,3/10/2015,51.5,39.4,44.6,51.5,35.8,43,31.7,61.8,0.372,100,25,rain,0,2,18.3,8.4,76.8,1023.1,51.7,7.4,96.4,8.4,5,,2015-03-10T07:16:09,2015-03-10T18:57:08,0.67,"Rain, Partially cloudy",Becoming cloudy in the afternoon with late afternoon rain.,rain,"72505394728,KLGA,KNYC,72503014732"
new york city,3/11/2015,58.7,42.2,49.8,58.7,39.9,48.6,37.2,65.9,0.087,100,12.5,rain,0,1,25.3,13.3,295.9,1014.8,44.9,8,142.4,12.1,6,,2015-03-11T07:14:32,2015-03-11T18:58:13,0.7,"Rain, Partially cloudy",Clearing in the afternoon with early morning rain.,rain,"72505394728,KLGA,KNYC,72503014732"
new york city,3/12/2015,48.6,38.9,43.6,43.8,32.7,37.8,8.3,25.1,0,0,0,,0,0.5,35.7,16.9,321,1027.8,1.8,9.9,236.5,20.5,8,,2015-03-12T07:12:55,2015-03-12T18:59:19,0.74,Clear,Clear conditions throughout the day.,clear-day,"72505394728,KLGA,KNYC,72503014732"
new york city,3/13/2015,41.5,31.7,37.4,37.7,26,31.9,9.1,32.6,0,0,0,,0,0.3,19.3,12.8,122.2,1034.8,18.3,9.9,180.6,15.6,7,,2015-03-13T07:11:17,2015-03-13T19:00:24,0.75,Clear,Clear conditions throughout the day.,clear-day,"72505394728,KLGA,KNYC,72503014732"
new york city,3/14/2015,50,39.8,44.8,47.7,37,41.4,39.8,83.6,0.856,100,66.67,rain,0,0.2,19.7,12.8,204.1,1016.3,98.5,6,33.6,2.8,1,,2015-03-14T07:09:39,2015-03-14T19:01:29,0.8,"Rain, Overcast",Cloudy skies throughout the day with a chance of rain throughout the day.,rain,"72505394728,KLGA,KNYC,72503014732"
new york city,3/15/2015,45.5,37.4,41.9,41.7,28.9,35,28.9,60.7,0.002,100,4.17,rain,0,0,38.4,21.9,300.3,1008.7,92.1,9.8,174.4,15,6,,2015-03-15T07:08:01,2015-03-15T19:02:34,0.84,"Rain, Overcast",Cloudy skies throughout the day with morning rain.,rain,"72505394728,KLGA,KNYC,72503014732"
new york city,3/16/2015,51.2,35.3,41.9,51.2,28.4,38.9,25.1,51.5,0,0,0,,0,0,19.8,11.5,295.5,1013.8,30.2,9.9,189.4,16.3,7,,2015-03-16T07:06:22,2015-03-16T19:03:39,0.87,Partially cloudy,Partly cloudy throughout the day.,partly-cloudy-day,"72505394728,KLGA,KNYC,72503014732"
new york city,3/17/2015,55.5,35.1,47.6,55.5,22.9,44.6,28.9,49.4,0.017,100,8.33,rain,0,0,41.9,28.9,303.9,1005.1,69.7,9.4,161.1,14.1,7,,2015-03-17T07:04:44,2015-03-17T19:04:43,0.91,"Rain, Partially cloudy",Partly cloudy throughout the day with morning rain.,rain,"72505394728,KLGA,KNYC,72503014732"
new york city,3/18/2015,38.4,29.7,33.3,30.6,17.6,24.1,9.6,37.1,0,0,0,,0,0,34.7,21.9,316.8,1016.9,46.9,9.9,226.1,19.6,8,,2015-03-18T07:03:05,2015-03-18T19:05:48,0.94,Partially cloudy,Partly cloudy throughout the day.,partly-cloudy-day,"72505394728,KLGA,KNYC,72503014732"
new york city,3/19/2015,42.2,29,34.8,38.9,19.1,28.6,5.1,30.2,0,0,0,,0,0,23,13.9,313.8,1025.2,22.5,9.9,248.7,21.5,8,,2015-03-19T07:01:25,2015-03-19T19:06:52,0.97,Partially cloudy,Partly cloudy throughout the day.,partly-cloudy-day,"72505394728,KLGA,KNYC,72503014732"
new york city,3/20/2015,37.4,29.3,33.2,34.3,19,26.2,15.9,55.7,0.358,100,41.67,"rain,snow",0.8,0.2,22,15,68.7,1025.1,77.9,5.5,62,5.3,2,,2015-03-20T06:59:46,2015-03-20T19:07:56,0,"Snow, Rain, Partially cloudy",Partly cloudy throughout the day with rain or snow.,snow,"72505394728,KLGA,KNYC,72503014732"
new york city,3/21/2015,47.3,29,36.9,43.8,19.9,32.8,29,74.1,0.003,100,4.17,"rain,snow",0.5,0.8,21.9,10.9,303.6,1016,85.8,6.3,222.9,19.3,8,,2015-03-21T06:58:07,2015-03-21T19:09:00,0.04,"Snow, Rain, Partially cloudy",Partly cloudy throughout the day with early morning snow or rain.,snow,"72505394728,KLGA,KNYC,72503014732"
new york city,3/22/2015,45.3,30.2,37.4,38.8,22,30.1,13.9,38.9,0,0,0,,0,0.1,26.4,17.2,311.4,1016.9,12.6,9.9,259.9,22.4,8,,2015-03-22T06:56:27,2015-03-22T19:10:04,0.08,Clear,Clear conditions throughout the day.,clear-day,"72505394728,KLGA,KNYC,72503014732"
new york city,3/23/2015,37.8,23.3,30.5,31.1,13.5,23,4.8,34.5,0,0,0,,0,0,28.9,15,317.6,1023.1,6.9,9.9,261.2,22.5,9,,2015-03-23T06:54:48,2015-03-23T19:11:07,0.11,Clear,Clear conditions throughout the day.,clear-day,"72505394728,KLGA,KNYC,72503014732"
new york city,3/24/2015,44.1,26.1,34.6,44.1,18.9,30.2,8.6,34,0,0,0,,0,0,,11.1,20.6,1026.6,38,9.9,237.9,20.6,8,,2015-03-24T06:53:08,2015-03-24T19:12:11,0.14,Partially cloudy,Partly cloudy throughout the day.,partly-cloudy-day,"72505394728,KLGA,KNYC,72503014732"
new york city,3/25/2015,47,33.8,40,43.6,29.8,37.1,23.3,54.5,0.055,100,20.83,rain,0,0,19.9,13,163.5,1027.4,45.4,9.2,207.7,18,8,,2015-03-25T06:51:29,2015-03-25T19:13:14,0.17,"Rain, Partially cloudy",Becoming cloudy in the afternoon with rain.,rain,"72505394728,KLGA,KNYC,72503014732"
new york city,3/26/2015,60.7,41.1,48.6,60.7,39.1,48,44.7,86.5,0.225,100,25,rain,0,0,,11.2,27.9,1011,98.4,4.3,91.8,7.9,3,,2015-03-26T06:49:50,2015-03-26T19:14:17,0.21,"Rain, Overcast",Cloudy skies throughout the day with rain.,rain,"72505394728,KLGA,KNYC,72503014732"
new york city,3/27/2015,45.3,39.2,42.7,45,34.3,39.5,33.5,71.4,0.357,100,33.33,rain,0,0,17.2,8.3,341.5,1006.9,100,9.3,161.8,14,6,,2015-03-27T06:48:10,2015-03-27T19:15:20,0.25,"Rain, Overcast",Cloudy skies throughout the day with rain clearing later.,rain,"72505394728,KLGA,KNYC,72503014732"
new york city,3/28/2015,41.3,29.3,35.6,37.6,20.7,28.6,20.7,54.3,0,0,0,,0,0,23.2,13.9,338.2,1010.9,98.2,9.6,173.3,15.1,7,,2015-03-28T06:46:31,2015-03-28T19:16:24,0.27,Overcast,Cloudy skies throughout the day.,cloudy,"72505394728,KLGA,KNYC,72503014732"
new york city,3/29/2015,46.1,25.6,34.8,43,14.4,28.6,6.8,33.6,0,0,0,,0,0,23,12.7,307,1022.3,41.2,9.6,279.1,24.1,9,,2015-03-29T06:44:52,2015-03-29T19:17:27,0.31,Partially cloudy,Clearing in the afternoon.,partly-cloudy-day,"72505394728,KLGA,KNYC,72503014732"
new york city,3/30/2015,53.1,36,43.9,53.1,30.8,40,22.7,44.7,0,0,0,,0,0,32.1,18.3,254.9,1012.2,66.6,9.6,162.3,14,6,,2015-03-30T06:43:13,2015-03-30T19:18:30,0.34,Partially cloudy,Partly cloudy throughout the day.,partly-cloudy-day,"72505394728,KLGA,KNYC,72503014732"
new york city,3/31/2015,46.1,36,40.8,45.8,30.2,36.4,28.8,64.5,0.168,100,29.17,rain,0,0,71.4,11.1,317.6,1009.9,73.8,9.2,140.8,12.3,5,,2015-03-31T06:41:34,2015-03-31T19:19:33,0.37,"Rain, Partially cloudy",Partly cloudy throughout the day with rain.,rain,"72505394728,KLGA,KNYC,72503014732"
new york city,4/1/2015,50.3,32.5,40.9,50.3,27.1,37.2,19.2,45.7,0,0,0,,0,0,21.9,11.5,308.2,1016.8,14.4,9.9,280.9,24.2,9,,2015-04-01T06:39:56,2015-04-01T19:20:35,0.41,Clear,Clear conditions throughout the day.,clear-day,"72505394728,KLGA,KNYC,72503014732"
new york city,4/2/2015,65,41.9,52.9,65,39.6,52.2,24,32.6,0,0,0,,0,0,26.8,17.2,213,1020.2,15.1,9.9,267.5,23.1,9,,2015-04-02T06:38:18,2015-04-02T19:21:38,0.44,Clear,Clear conditions throughout the day.,clear-day,"72505394728,KLGA,KNYC,72503014732"
new york city,4/3/2015,63,57.6,60.9,63,57.6,60.9,47.3,63.1,0.041,100,12.5,rain,0,0,24.2,19.7,232.9,1009.2,81.9,8.5,107.8,9.3,5,,2015-04-03T06:36:40,2015-04-03T19:22:41,0.47,"Rain, Partially cloudy",Partly cloudy throughout the day with afternoon rain.,rain,"72505394728,KLGA,KNYC,72503014732"
new york city,4/4/2015,58.8,44.3,50.8,58.8,40,47.2,30.9,51.2,0.009,100,4.17,rain,0,0,42.5,21.9,300.3,1009,50.6,8.8,276.7,23.9,9,,2015-04-04T06:35:02,2015-04-04T19:23:44,0.5,"Rain, Partially cloudy",Partly cloudy throughout the day with morning rain.,rain,"72505394728,KLGA,KNYC,72503014732"
new york city,4/5/2015,60.4,42.4,50.2,60.4,38.2,48.7,23.4,35.5,0,0,0,,0,0,36.6,23,271.5,1021.1,49.2,9.9,277.6,24,9,,2015-04-05T06:33:25,2015-04-05T19:24:47,0.54,Partially cloudy,Becoming cloudy in the afternoon.,partly-cloudy-day,"72505394728,KLGA,KNYC,72503014732"
new york city,4/6/2015,61.6,42.2,50.5,61.6,38,49.8,36,58.4,0,0,0,,0,0,21.9,9.6,63,1023.8,15.6,9.8,263.9,22.9,9,,2015-04-06T06:31:48,2015-04-06T19:25:50,0.58,Clear,Clear conditions throughout the day.,clear-day,"72505394728,KLGA,KNYC,72503014732"
new york city,4/7/2015,61.6,43.1,52.1,61.6,36.9,50.3,41,67.2,0.146,100,25,rain,0,0,22.7,13.6,66.7,1022.9,93.1,8.6,105,9.2,4,,2015-04-07T06:30:12,2015-04-07T19:26:52,0.61,"Rain, Overcast",Cloudy skies throughout the day with rain.,rain,"72505394728,KLGA,KNYC,72503014732"
new york city,4/8/2015,44.3,37.4,41.9,38.8,28.8,35.3,32.1,69.4,0.015,100,8.33,rain,0,0,27.4,16.5,66.7,1026.4,100,9.3,56.6,4.8,2,,2015-04-08T06:28:35,2015-04-08T19:27:55,0.65,"Rain, Overcast",Cloudy skies throughout the day with early morning rain.,rain,"72505394728,KLGA,KNYC,72503014732"
new york city,4/9/2015,42.7,37.1,39.2,37.6,28.8,32.6,34.4,82.9,0,0,0,,0,0,23,14.6,67.3,1025.3,100,7.9,56,4.8,2,,2015-04-09T06:27:00,2015-04-09T19:28:58,0.68,Overcast,Cloudy skies throughout the day.,cloudy,"72505394728,KLGA,KNYC,72503014732"
new york city,4/10/2015,56.3,39.2,46.2,56.3,34.7,44.6,42.8,88.1,0.191,100,20.83,rain,0,0,19.7,10.1,229.1,1014,95.5,5.1,203.7,17.8,7,,2015-04-10T06:25:25,2015-04-10T19:30:01,0.72,"Rain, Overcast",Cloudy skies throughout the day with rain clearing later.,rain,"72505394728,KLGA,KNYC,72503014732"
new york city,4/11/2015,56,46.4,53.4,56,41.6,53,31.9,45,0,0,0,,0,0,33.3,27.7,296.2,1014.8,19.2,9.8,292.8,25.4,9,,2015-04-11T06:23:50,2015-04-11T19:31:04,0.75,Clear,Clear conditions throughout the day.,clear-day,"72505394728,KLGA,KNYC,72503014732"
new york city,4/12/2015,65.7,43.3,51.9,65.7,40.6,50.9,28.2,41.8,0,0,0,,0,0,21.9,9.7,269.4,1025.4,3.7,9.9,302.3,26.1,9,,2015-04-12T06:22:16,2015-04-12T19:32:06,0.79,Clear,Clear conditions throughout the day.,clear-day,"72505394728,KLGA,KNYC,72503014732"
new york city,4/13/2015,67,50,58.4,67,50,58.4,36.7,44.8,0,0,0,,0,0,29.2,16.1,187.7,1025.1,19.7,9.9,221.6,19.1,8,,2015-04-13T06:20:43,2015-04-13T19:33:09,0.82,Clear,Clear conditions throughout the day.,clear-day,"72505394728,KLGA,KNYC,72503014732"
new york city,4/14/2015,64.5,55.1,60.2,64.5,55.1,60.2,40.8,52.2,0.009,100,4.17,rain,0,0,19.7,8.5,297.3,1020.1,64.6,9.9,90.7,7.8,3,,2015-04-14T06:19:10,2015-04-14T19:34:12,0.86,"Rain, Partially cloudy",Partly cloudy throughout the day with morning rain.,rain,"72505394728,KLGA,KNYC,72503014732"
new york city,4/15/2015,70.6,51.4,60.9,70.6,51.4,60.9,21.9,24.4,0,0,0,,0,0,30.4,17.5,358.3,1021.9,19.9,9.9,220.5,19.1,7,,2015-04-15T06:17:38,2015-04-15T19:35:15,0.89,Clear,Clear conditions throughout the day.,clear-day,"72505394728,KLGA,KNYC,72503014732"
new york city,4/16/2015,62.1,51,56.6,62.1,51,56.6,24.8,31.6,0,0,0,,0,0,19.7,11.4,107.2,1029.3,23.5,9.9,238.3,20.6,8,,2015-04-16T06:16:07,2015-04-16T19:36:18,0.93,Partially cloudy,Partly cloudy throughout the day.,partly-cloudy-day,"72505394728,KLGA,KNYC,72503014732"
new york city,4/17/2015,70.3,55.1,61.9,70.3,55.1,61.9,50.1,66.1,0.069,100,12.5,rain,0,0,23.3,12.8,241.9,1017.3,79.9,9.5,195.8,16.9,7,,2015-04-17T06:14:36,2015-04-17T19:37:21,0.96,"Rain, Partially cloudy",Partly cloudy throughout the day with rain clearing later.,rain,"72505394728,KLGA,KNYC,72503014732"
new york city,4/18/2015,77.7,58.2,67.8,77.7,58.2,67.8,40.7,39.8,0,0,0,,0,0,25.3,11.3,307.3,1013.9,18.1,9.9,301.8,26.3,9,,2015-04-18T06:13:06,2015-04-18T19:38:24,0,Clear,Clear conditions throughout the day.,clear-day,"72505394728,KLGA,KNYC,72503014732"
new york city,4/19/2015,64.5,47.9,55.7,64.5,43.5,55.2,29,37,0,0,0,,0,0,22.8,13.9,96.5,1022.3,20.9,9.9,271.9,23.7,9,,2015-04-19T06:11:37,2015-04-19T19:39:26,0.03,Partially cloudy,Partly cloudy throughout the day.,partly-cloudy-day,"72505394728,KLGA,KNYC,72503014732"
new york city,4/20/2015,56.5,46.5,51.2,56.5,41.3,49.4,47.8,88.3,1.168,100,41.67,rain,0,0,32.8,15.8,91.5,1009.8,94.7,4.4,120.9,10.3,4,,2015-04-20T06:10:08,2015-04-20T19:40:29,0.06,"Rain, Overcast",Cloudy skies throughout the day with a chance of rain throughout the day.,rain,"72505394728,KLGA,KNYC,72503014732"
new york city,4/21/2015,64.6,51.8,57.9,64.6,51.8,57.9,40.6,61.3,0.308,100,37.5,rain,0,0,26.5,19.7,275.2,1003.7,54.7,7.5,287.1,24.8,9,,2015-04-21T06:08:41,2015-04-21T19:41:32,0.09,"Rain, Partially cloudy",Partly cloudy throughout the day with rain clearing later.,rain,"72505394728,KLGA,KNYC,72503014732"
new york city,4/22/2015,68.3,52.1,57.3,68.3,52.1,57.3,36,46.2,0.069,100,20.83,rain,0,0,31.5,19,215.6,1005.4,46,9.5,267,22.9,8,,2015-04-22T06:07:14,2015-04-22T19:42:35,0.13,"Rain, Partially cloudy",Partly cloudy throughout the day with rain.,rain,"72505394728,KLGA,KNYC,72503014732"
new york city,4/23/2015,50.3,42.2,45.7,50.3,36.4,40.7,24.8,44.4,0,0,0,,0,0,30.2,17.1,288.9,1007,50.9,9.9,254.4,21.9,7,,2015-04-23T06:05:48,2015-04-23T19:43:38,0.16,Partially cloudy,Partly cloudy throughout the day.,partly-cloudy-day,"72505394728,KLGA,KNYC,72503014732"
new york city,4/24/2015,50.9,38.9,43.2,50.9,29.8,37,18.8,37.8,0,0,0,,0,0,36.2,19.7,320.3,1011.2,63.5,9.9,264.7,22.8,8,,2015-04-24T06:04:24,2015-04-24T19:44:41,0.19,Partially cloudy,Partly cloudy throughout the day.,partly-cloudy-day,"72505394728,KLGA,KNYC,72503014732"
new york city,4/25/2015,59.9,38.3,48.1,59.9,31.3,45.1,23.3,39.2,0,0,0,,0,0,23,16.1,297.7,1009.7,12.9,9.9,282.3,24.5,9,,2015-04-25T06:03:00,2015-04-25T19:45:44,0.25,Clear,Clear conditions throughout the day.,clear-day,"72505394728,KLGA,KNYC,72503014732"
new york city,4/26/2015,61.2,46.5,54.1,61.2,42.8,53.1,27.6,36.7,0,0,0,,0,0,24.2,18.3,30.4,1005,45.6,9.9,307.5,26.6,10,,2015-04-26T06:01:37,2015-04-26T19:46:46,0.26,Partially cloudy,Becoming cloudy in the afternoon.,partly-cloudy-day,"72505394728,KLGA,KNYC,72503014732"
new york city,4/27/2015,60.2,48.8,54.3,60.2,45.9,53.8,30.7,40.9,0,0,0,,0,0,28.9,16.1,316.9,1004.7,84.7,9.9,283.3,24.5,9,,2015-04-27T06:00:15,2015-04-27T19:47:49,0.29,Partially cloudy,Partly cloudy throughout the day.,partly-cloudy-day,"72505394728,KLGA,KNYC,72503014732"
new york city,4/28/2015,69.5,50.3,59.8,69.5,50.3,59.8,34.8,41.1,0,0,0,,0,0,27.7,16.2,1.6,1007.2,37.9,9.9,315.9,27.4,10,,2015-04-28T05:58:54,2015-04-28T19:48:52,0.32,Partially cloudy,Partly cloudy throughout the day.,partly-cloudy-day,"72505394728,KLGA,KNYC,72503014732"
new york city,4/29/2015,76.4,51.9,63.1,76.4,51.9,63.1,38,42.2,0,0,0,,0,0,31.1,12.6,333.5,1005.5,18.7,9.9,315.6,27.3,9,,2015-04-29T05:57:35,2015-04-29T19:49:54,0.35,Clear,Clear conditions throughout the day.,clear-day,"72505394728,KLGA,KNYC,72503014732"
new york city,4/30/2015,64.4,47.7,54.8,64.4,43,53.5,38.7,56.2,0,0,0,,0,0,20.8,13.9,77.7,1008.9,41.7,9.9,274.8,23.8,8,,2015-04-30T05:56:16,2015-04-30T19:50:57,0.39,Partially cloudy,Partly cloudy throughout the day.,partly-cloudy-day,"72505394728,KLGA,KNYC,72503014732"
new york city,5/1/2015,60.5,48.6,52.9,60.5,45.2,52.3,39.1,59.9,0,0,0,,0,0,18.3,9.8,98,1014.3,84.7,9.9,226.8,19.6,7,,2015-05-01T05:54:59,2015-05-01T19:51:59,0.42,Partially cloudy,Partly cloudy throughout the day.,partly-cloudy-day,"72505394728,KLGA,KNYC,72503014732"
new york city,5/2/2015,70.2,48.6,55,70.2,47.7,54.9,39.9,58.1,0,0,0,,0,0,22.2,11.8,164.4,1015.2,31.4,9.9,323.8,27.8,10,,2015-05-02T05:53:42,2015-05-02T19:53:01,0.45,Partially cloudy,Partly cloudy throughout the day.,partly-cloudy-day,"72505394728,KLGA,KNYC,72503014732"
new york city,5/3/2015,77.1,51.2,62.8,77.1,51.2,62.8,37.8,41.4,0,0,0,,0,0,21.9,13.9,186.7,1018.3,19.2,9.9,314.5,26.9,10,,2015-05-03T05:52:27,2015-05-03T19:54:03,0.5,Clear,Clear conditions throughout the day.,clear-day,"72505394728,KLGA,KNYC,72503014732"
new york city,5/4/2015,83.4,56.7,70.4,81.1,56.7,69.8,44.8,43.8,0,0,0,,0,0,26.4,13.1,176.7,1021.4,7.8,9.5,320.5,27.6,9,,2015-05-04T05:51:14,2015-05-04T19:55:05,0.52,Clear,Clear conditions throughout the day.,clear-day,"72505394728,KLGA,KNYC,72503014732"
new york city,5/5/2015,82.6,65.9,73,81.5,65.9,72.9,50,44.6,0,0,0,,0,0,19.7,12.4,244.4,1021.5,40.3,9.9,224.1,19.4,7,,2015-05-05T05:50:01,2015-05-05T19:56:07,0.55,Partially cloudy,Partly cloudy throughout the day.,partly-cloudy-day,"72505394728,KLGA,KNYC,72503014732"
new york city,5/6/2015,71.2,61.1,66.2,71.2,61.1,66.2,41.9,41.7,0,0,0,,0,0,21.9,12.1,49.6,1024,69.2,9.9,158,13.6,5,,2015-05-06T05:48:50,2015-05-06T19:57:08,0.59,Partially cloudy,Partly cloudy throughout the day.,partly-cloudy-day,"72505394728,KLGA,KNYC,72503014732"
new york city,5/7/2015,78,55.6,65.6,78,55.6,65.6,44.5,49.3,0,0,0,,0,0,18.3,8.8,175.4,1022.3,6.1,9.8,330.4,28.6,10,,2015-05-07T05:47:40,2015-05-07T19:58:09,0.63,Clear,Clear conditions throughout the day.,clear-day,"72505394728,KLGA,KNYC,72503014732"
new york city,5/8/2015,80.4,55.8,66.7,80.4,55.8,66.7,52.4,63.6,0,0,0,,0,0,20.8,13.9,152.6,1020.7,13.8,6.7,328.3,28.5,9,,2015-05-08T05:46:32,2015-05-08T19:59:10,0.66,Clear,Clear conditions throughout the day.,clear-day,"72505394728,KLGA,KNYC,72503014732"
new york city,5/9/2015,67,55.9,60.7,67,55.9,60.7,54.8,81.1,0.003,100,4.17,rain,0,0,,8.1,67.4,1024.8,92.4,4.7,239.9,20.8,6,,2015-05-09T05:45:25,2015-05-09T20:00:11,0.7,"Rain, Overcast",Cloudy skies throughout the day with afternoon rain.,rain,"72505394728,KLGA,KNYC,72503014732"
new york city,5/10/2015,82.2,59.7,71,84,59.7,71.1,61.1,72.5,0,0,0,,0,0,18.3,17.2,190.2,1022.2,65,7.2,318.7,27.6,9,,2015-05-10T05:44:19,2015-05-10T20:01:11,0.73,Partially cloudy,Partly cloudy throughout the day.,partly-cloudy-day,"72505394728,KLGA,KNYC,72503014732"
new york city,5/11/2015,82.5,70.6,74.5,84.3,70.6,74.8,65,72.9,0,0,0,,0,0,23,17.2,182.4,1018.7,49.8,8.5,312.5,27,9,,2015-05-11T05:43:15,2015-05-11T20:02:11,0.75,Partially cloudy,Partly cloudy throughout the day.,partly-cloudy-day,"72505394728,KLGA,KNYC,72503014732"
new york city,5/12/2015,85.1,67,76.3,84,67,76,58.6,59,0,0,0,,0,0,33.3,21.9,263.4,1010.3,48.5,8.7,244.5,21.1,7,,2015-05-12T05:42:13,2015-05-12T20:03:11,0.8,Partially cloudy,Partly cloudy throughout the day.,partly-cloudy-day,"72505394728,KLGA,KNYC,72503014732"
new york city,5/13/2015,67.7,55.1,61.8,67.7,55.1,61.8,39,43.1,0,0,0,,0,0,28.9,16.1,312.4,1017.8,54.3,9.9,319.5,27.5,10,,2015-05-13T05:41:12,2015-05-13T20:04:10,0.84,Partially cloudy,Partly cloudy throughout the day.,partly-cloudy-day,"72505394728,KLGA,KNYC,72503014732"
new york city,5/14/2015,72.6,50.5,60.7,72.6,50.5,60.7,33.1,38.1,0,0,0,,0,0,19.7,13.9,4.5,1027.1,9.1,9.9,350.6,30.2,10,,2015-05-14T05:40:12,2015-05-14T20:05:09,0.87,Clear,Clear conditions throughout the day.,clear-day,"72505394728,KLGA,KNYC,72503014732"
new york city,5/15/2015,74,55.4,63.4,74,55.4,63.4,39.5,42.3,0,0,0,,0,0,30.9,12,209.4,1025,32.4,9.9,251.7,21.8,8,,2015-05-15T05:39:14,2015-05-15T20:06:07,0.91,Partially cloudy,Partly cloudy throughout the day.,partly-cloudy-day,"72505394728,KLGA,KNYC,72503014732"
new york city,5/16/2015,73.1,57.8,65.8,73.1,57.8,65.8,55.1,69.7,0.244,100,25,rain,0,0,,8.1,192.2,1021.1,77,8.3,189.1,16.3,6,,2015-05-16T05:38:18,2015-05-16T20:07:05,0.95,"Rain, Partially cloudy",Partly cloudy throughout the day with rain.,rain,"72505394728,KLGA,KNYC,72503014732"
new york city,5/17/2015,82.1,61.1,72.8,83.2,61.1,73,63.3,73.9,0.074,100,20.83,rain,0,0,,5.8,63.3,1019.8,56.2,6.5,256.2,22.1,8,,2015-05-17T05:37:23,2015-05-17T20:08:02,0.98,"Rain, Partially cloudy",Partly cloudy throughout the day with early morning rain.,rain,"72505394728,KLGA,KNYC,72503014732"
new york city,5/18/2015,74.4,59.7,64.5,74.4,59.7,64.5,56.7,76.3,0,0,0,,0,0,25.3,12.6,63,1020.6,77.1,7,274.7,23.9,9,,2015-05-18T05:36:30,2015-05-18T20:08:58,0,Partially cloudy,Partly cloudy throughout the day.,partly-cloudy-day,"72505394728,KLGA,KNYC,72503014732"
new york city,5/19/2015,79.3,58,65.5,79.3,58,65.5,58,77.5,0.003,100,4.17,rain,0,0,,8.5,79.8,1012.9,67.3,5.2,142.5,12.2,4,,2015-05-19T05:35:39,2015-05-19T20:09:55,0.05,"Rain, Partially cloudy",Partly cloudy throughout the day with early morning rain.,rain,"72505394728,KLGA,KNYC,72503014732"
new york city,5/20/2015,70.8,56,60.1,70.8,56,60.1,39.7,47.3,0,0,0,,0,0,31.1,18.3,315.8,1012.4,35.7,9.9,322.1,27.8,10,,2015-05-20T05:34:49,2015-05-20T20:10:50,0.08,Partially cloudy,Partly cloudy throughout the day.,partly-cloudy-day,"72505394728,KLGA,KNYC,72503014732"
new york city,5/21/2015,61.1,52.6,56.6,61.1,52.6,56.6,37.1,48.8,0,0,0,,0,0,,10.3,223.9,1014.7,74.9,9.9,196.3,16.9,6,,2015-05-21T05:34:01,2015-05-21T20:11:45,0.11,Partially cloudy,Partly cloudy throughout the day.,partly-cloudy-day,"72505394728,KLGA,KNYC,72503014732"
new york city,5/22/2015,72.5,54.8,63.5,72.5,54.8,63.5,40.4,45.3,0,0,0,,0,0,31.7,13.9,297.7,1013.4,59.5,9.9,338.1,29.3,10,,2015-05-22T05:33:15,2015-05-22T20:12:39,0.14,Partially cloudy,Becoming cloudy in the afternoon.,partly-cloudy-day,"72505394728,KLGA,KNYC,72503014732"
new york city,5/23/2015,68.9,49.1,58.5,68.9,46.5,58.2,29.4,34.4,0,0,0,,0,0,35.2,13.3,306.1,1027,3,9.9,366.1,31.7,10,,2015-05-23T05:32:31,2015-05-23T20:13:32,0.18,Clear,Clear conditions throughout the day.,clear-day,"72505394728,KLGA,KNYC,72503014732"
new york city,5/24/2015,80.5,56,67.4,79.8,56,67.4,42.7,42.3,0,0,0,,0,0,24.2,17.2,214,1026.1,15.6,9.9,337.2,29.2,10,,2015-05-24T05:31:48,2015-05-24T20:14:24,0.21,Clear,Clear conditions throughout the day.,clear-day,"72505394728,KLGA,KNYC,72503014732"
new york city,5/25/2015,84.1,65,74.3,83.5,65,74.1,54.5,51,0,0,0,,0,0,25.3,15,196.4,1023.3,20.6,9.9,290.2,25.1,8,,2015-05-25T05:31:08,2015-05-25T20:15:16,0.25,Partially cloudy,Partly cloudy throughout the day.,partly-cloudy-day,"72505394728,KLGA,KNYC,72503014732"
new york city,5/26/2015,86.5,66.8,75.8,86.6,66.8,75.8,58,54.7,0,0,0,,0,0,23,16.1,203.9,1021.7,17.1,9.9,251.8,21.7,9,,2015-05-26T05:30:29,2015-05-26T20:16:06,0.27,Clear,Clear conditions throughout the day.,clear-day,"72505394728,KLGA,KNYC,72503014732"
new york city,5/27/2015,82.6,69.9,74.6,84.8,69.9,74.8,63.6,69,0.067,100,12.5,rain,0,0,26.4,21.9,189.2,1020.6,53.5,8.9,302.7,25.9,9,,2015-05-27T05:29:52,2015-05-27T20:16:56,0.31,"Rain, Partially cloudy",Partly cloudy throughout the day with late afternoon rain.,rain,"72505394728,KLGA,KNYC,72503014732"
new york city,5/28/2015,83.1,69.8,76.1,85.8,69.8,76.7,63.7,67.4,0,0,0,,0,0,17.2,9.1,187.3,1020.7,54.4,8.3,237.6,20.6,7,,2015-05-28T05:29:17,2015-05-28T20:17:45,0.34,Partially cloudy,Partly cloudy throughout the day.,partly-cloudy-day,"72505394728,KLGA,KNYC,72503014732"
new york city,5/29/2015,83.1,65,72.2,82.2,65,72.1,54.5,54.9,0,0,0,,0,0,16.1,9.7,75.3,1024.6,12.3,9.9,344.8,29.8,10,,2015-05-29T05:28:44,2015-05-29T20:18:33,0.37,Clear,Clear conditions throughout the day.,clear-day,"72505394728,KLGA,KNYC,72503014732"
new york city,5/30/2015,83.4,66.6,74.2,84.8,66.6,74.5,62.4,67.7,0,0,0,,0,0,28.9,13.1,182.9,1020.8,19.4,9.8,346.7,29.9,10,,2015-05-30T05:28:12,2015-05-30T20:19:19,0.4,Clear,Clear conditions throughout the day.,clear-day,"72505394728,KLGA,KNYC,72503014732"
new york city,5/31/2015,85.4,62.2,73.2,87.5,62.2,73.4,63.7,73.3,1.347,100,37.5,rain,0,0,26.4,11.2,170.5,1017.5,62.1,8.5,321.4,27.8,9,,2015-05-31T05:27:43,2015-05-31T20:20:05,0.44,"Rain, Partially cloudy",Partly cloudy throughout the day with rain.,rain,"72505394728,KLGA,KNYC,72503014732"
new york city,6/1/2015,58.7,52.8,55.9,58.7,52.8,55.9,53,90.2,0.807,100,58.33,rain,0,0,25.3,17.2,64.9,1019.8,100,5.2,158.5,13.7,6,,2015-06-01T05:27:15,2015-06-01T20:20:49,0.47,"Rain, Overcast",Cloudy skies throughout the day with a chance of rain throughout the day.,rain,"72505394728,KLGA,KNYC,72503014732"
new york city,6/2/2015,54.3,50,52.4,54.3,45.9,51.9,49.2,89,0.41,100,83.33,rain,0,0,21.9,15.4,52.8,1020.5,100,6.7,96,8.3,3,,2015-06-02T05:26:50,2015-06-02T20:21:33,0.5,"Rain, Overcast",Cloudy skies throughout the day with a chance of rain throughout the day.,rain,"72505394728,KLGA,KNYC,72503014732"
new york city,6/3/2015,69.2,52.3,58.6,69.2,52.3,58.6,49.3,72.6,0,0,0,,0,0,18.3,8.5,88.6,1022.9,68.4,9.6,261.6,22.6,9,,2015-06-03T05:26:27,2015-06-03T20:22:15,0.54,Partially cloudy,Partly cloudy throughout the day.,partly-cloudy-day,"72505394728,KLGA,KNYC,72503014732"
new york city,6/4/2015,63.8,54.3,58.3,63.8,54.3,58.3,47.9,68.8,0,0,0,,0,0,,10.6,72.2,1024.3,65.8,9.9,192.5,16.7,6,,2015-06-04T05:26:05,2015-06-04T20:22:55,0.57,Partially cloudy,Partly cloudy throughout the day.,partly-cloudy-day,"72505394728,KLGA,KNYC,72503014732"
new york city,6/5/2015,68.9,55.4,60.1,68.9,55.4,60.1,51.9,74.5,0.087,100,16.67,rain,0,0,,7.8,61.5,1018.3,88.2,8.4,102.4,8.9,3,,2015-06-05T05:25:45,2015-06-05T20:23:35,0.61,"Rain, Partially cloudy",Partly cloudy throughout the day with rain in the morning and afternoon.,rain,"72505394728,KLGA,KNYC,72503014732"
new york city,6/6/2015,74.7,60.2,66.4,74.7,60.2,66.4,51,64.8,0.28,100,12.5,rain,0,0,25.5,12.9,13.8,1013.7,63.4,8,126.8,10.9,4,,2015-06-06T05:25:28,2015-06-06T20:24:13,0.64,"Rain, Partially cloudy",Partly cloudy throughout the day with rain clearing later.,rain,"72505394728,KLGA,KNYC,72503014732"
new york city,6/7/2015,72.6,56.3,64.8,72.6,56.3,64.8,42,43.9,0,0,0,,0,0,26.4,17.2,159.3,1020.8,13.7,9.9,362.9,31.2,10,,2015-06-07T05:25:12,2015-06-07T20:24:50,0.68,Clear,Clear conditions throughout the day.,clear-day,"72505394728,KLGA,KNYC,72503014732"
new york city,6/8/2015,78.5,63,69.3,78.5,63,69.3,57.5,66.2,0.021,100,16.67,rain,0,0,29.8,13.9,183.5,1013.7,67.2,9.7,330.3,28.4,9,,2015-06-08T05:24:59,2015-06-08T20:25:25,0.72,"Rain, Partially cloudy",Clearing in the afternoon with rain.,rain,"72505394728,KLGA,KNYC,72503014732"
new york city,6/9/2015,82.9,68,74.3,83.4,68,74.5,62.2,68.9,0.05,100,12.5,rain,0,0,25.8,13.1,235.5,1005.9,68.2,9,304,26.3,9,,2015-06-09T05:24:47,2015-06-09T20:25:59,0.75,"Rain, Partially cloudy",Partly cloudy throughout the day with early morning rain.,rain,"72505394728,KLGA,KNYC,72503014732"
new york city,6/10/2015,81.8,66.2,74.2,81.1,66.2,74.2,56.4,54.7,0,0,0,,0,0,24.2,16.1,233.8,1010.8,13.6,9.8,349.2,30,10,,2015-06-10T05:24:38,2015-06-10T20:26:31,0.79,Clear,Clear conditions throughout the day.,clear-day,"72505394728,KLGA,KNYC,72503014732"
new york city,6/11/2015,89.6,72,81.1,92.6,72,82.4,63.3,55.3,0,0,0,,0,0,20.8,10.3,235,1011.5,34,7.8,210.7,18.3,7,,2015-06-11T05:24:30,2015-06-11T20:27:02,0.82,Partially cloudy,Becoming cloudy in the afternoon.,partly-cloudy-day,"72505394728,KLGA,KNYC,72503014732"
new york city,6/12/2015,85.9,74.1,81,89.7,74.1,82.7,64,56.6,0,0,0,,0,0,23,9.5,118.8,1012.7,25.9,8.6,286.4,24.7,9,,2015-06-12T05:24:24,2015-06-12T20:27:31,0.86,Partially cloudy,Partly cloudy throughout the day.,partly-cloudy-day,"72505394728,KLGA,KNYC,72503014732"
new york city,6/13/2015,84.3,75.8,80.3,86.5,75.8,80.6,59.4,50.4,0,0,0,,0,0,23,12.8,334.3,1012.9,41.4,9.9,300.3,26,8,,2015-06-13T05:24:20,2015-06-13T20:27:58,0.89,Partially cloudy,Clearing in the afternoon.,partly-cloudy-day,"72505394728,KLGA,KNYC,72503014732"
new york city,6/14/2015,86.3,67,77,85.6,67,76.8,58.4,54.2,0.065,100,4.17,rain,0,0,21.9,11.4,151.2,1016.9,32.2,9.7,289.1,25,9,,2015-06-14T05:24:19,2015-06-14T20:28:24,0.93,"Rain, Partially cloudy",Partly cloudy throughout the day with late afternoon rain.,rain,"72505394728,KLGA,KNYC,72503014732"
new york city,6/15/2015,81.3,63.8,69.5,85.3,63.8,69.7,65.6,87.7,0.843,100,54.17,rain,0,0,25.3,13.4,78.6,1014.5,99.1,4.4,248.7,21.7,7,,2015-06-15T05:24:19,2015-06-15T20:28:48,0.97,"Rain, Overcast",Cloudy skies throughout the day with a chance of rain throughout the day.,rain,"72505394728,KLGA,KNYC,72503014732"
new york city,6/16/2015,78.5,64.8,71,78.5,64.8,71,64.4,80.4,0.291,100,12.5,rain,0,0,21.9,6.7,7.1,1012.3,78.7,6.7,268.9,23.1,7,,2015-06-16T05:24:21,2015-06-16T20:29:11,0,"Rain, Partially cloudy",Partly cloudy throughout the day with rain.,rain,"72505394728,KLGA,KNYC,72503014732"
new york city,6/17/2015,79.9,66.8,72.3,79.9,66.8,72.3,58.1,61.6,0,0,0,,0,0,16.1,12.8,56.8,1018.5,30.2,9.6,336.8,29.2,9,,2015-06-17T05:24:25,2015-06-17T20:29:31,0.03,Partially cloudy,Becoming cloudy in the afternoon.,partly-cloudy-day,"72505394728,KLGA,KNYC,72503014732"
new york city,6/18/2015,69.2,64.4,66.8,69.2,64.4,66.8,58.3,74.4,0,0,0,,0,0,,11.4,161.7,1017.7,91.7,9.7,205.4,17.8,7,,2015-06-18T05:24:31,2015-06-18T20:29:50,0.07,Overcast,Cloudy skies throughout the day.,cloudy,"72505394728,KLGA,KNYC,72503014732"
new york city,6/19/2015,84.2,66.8,75.8,84.7,66.8,76.2,62.7,65.5,0,0,0,,0,0,21.9,9.6,338.6,1012.9,72.5,9.6,274.3,23.7,9,,2015-06-19T05:24:39,2015-06-19T20:30:07,0.1,Partially cloudy,Partly cloudy throughout the day.,partly-cloudy-day,"72505394728,KLGA,KNYC,72503014732"
new york city,6/20/2015,76.4,64.8,68.5,76.4,64.8,68.5,58.1,70.9,0,0,0,,0,0,21.9,11.8,60.9,1016.9,91.1,7.2,159.5,13.7,5,,2015-06-20T05:24:49,2015-06-20T20:30:23,0.13,Overcast,Cloudy skies throughout the day.,cloudy,"72505394728,KLGA,KNYC,72503014732"
new york city,6/21/2015,88.3,69.5,77.6,90.5,69.5,78.4,67.9,74.3,0.602,100,33.33,rain,0,0,41.4,12.1,287,1007.4,78.1,6.9,262.3,22.6,9,,2015-06-21T05:25:00,2015-06-21T20:30:36,0.16,"Rain, Partially cloudy",Partly cloudy throughout the day with rain.,rain,"72505394728,KLGA,KNYC,72503014732"
new york city,6/22/2015,86.5,71.6,79.3,86.1,71.6,79.2,61.1,55.9,0,0,0,,0,0,24.2,16.1,292.8,1013.4,22.2,9.8,350.8,30.3,10,,2015-06-22T05:25:14,2015-06-22T20:30:47,0.2,Partially cloudy,Partly cloudy throughout the day.,partly-cloudy-day,"72505394728,KLGA,KNYC,72503014732"
new york city,6/23/2015,89.3,76.5,82.3,95.4,76.5,85,68,62.7,0.035,100,8.33,rain,0,0,49.4,19.7,227.4,1010.7,35.8,9.1,169.6,14.6,5,,2015-06-23T05:25:29,2015-06-23T20:30:57,0.23,"Rain, Partially cloudy",Becoming cloudy in the afternoon with late afternoon rain.,rain,"72505394728,KLGA,KNYC,72503014732"
new york city,6/24/2015,83,68.3,76.4,82.1,68.3,76.2,55.2,49.1,0,0,0,,0,0,24.2,12.8,324.5,1014.8,16.1,9.9,356.1,30.7,10,,2015-06-24T05:25:46,2015-06-24T20:31:05,0.25,Clear,Clear conditions throughout the day.,clear-day,"72505394728,KLGA,KNYC,72503014732"
new york city,6/25/2015,83,67,75.1,81.3,67,75,51.3,43.9,0,0,0,,0,0,20.8,9.3,238.4,1016.5,31.1,9.9,318.6,27.5,9,,2015-06-25T05:26:05,2015-06-25T20:31:10,0.29,Partially cloudy,Partly cloudy throughout the day.,partly-cloudy-day,"72505394728,KLGA,KNYC,72503014732"
new york city,6/26/2015,79.2,70.3,74,79.2,70.3,74,57.6,57,0,0,0,,0,0,20.8,13.6,65.9,1014.9,65.9,9.9,286,24.7,9,,2015-06-26T05:26:25,2015-06-26T20:31:14,0.32,Partially cloudy,Partly cloudy throughout the day.,partly-cloudy-day,"72505394728,KLGA,KNYC,72503014732"
new york city,6/27/2015,70.6,59.3,66.6,70.6,59.3,66.6,55.7,69.5,0.891,100,33.33,rain,0,0,23.1,15.4,91.4,1017.8,86.9,8.4,116.9,10.1,4,,2015-06-27T05:26:47,2015-06-27T20:31:16,0.36,"Rain, Partially cloudy",Partly cloudy throughout the day with rain.,rain,"72505394728,KLGA,KNYC,72503014732"
new york city,6/28/2015,72.5,61.3,66.4,72.5,61.3,66.4,60.4,81.8,0.504,100,37.5,rain,0,0,28.9,17.7,54.1,1006,98.6,6.7,312.4,27,9,,2015-06-28T05:27:11,2015-06-28T20:31:16,0.39,"Rain, Overcast",Cloudy skies throughout the day with rain clearing later.,rain,"72505394728,KLGA,KNYC,72503014732"
new york city,6/29/2015,76.1,63.3,70.8,76.1,63.3,70.8,54.6,57.2,0,0,0,,0,0,29.8,11.5,264.1,1011.3,46.1,9.9,351.5,30.3,10,,2015-06-29T05:27:36,2015-06-29T20:31:13,0.42,Partially cloudy,Partly cloudy throughout the day.,partly-cloudy-day,"72505394728,KLGA,KNYC,72503014732"
new york city,6/30/2015,81,68,74.8,80.8,68,74.8,59.4,59.9,0,0,0,,0,0,28.6,18.3,175.1,1013.5,41.3,9.9,325.8,28.1,9,,2015-06-30T05:28:03,2015-06-30T20:31:09,0.45,Partially cloudy,Partly cloudy throughout the day.,partly-cloudy-day,"72505394728,KLGA,KNYC,72503014732"
